"Status","Start Time","Stop Time","Duration in ms","Parent Suite","Suite","Sub Suite","Test Class","Test Method","Name","Description"
"passed","Sun Mar 20 00:26:42 IST 2022","Sun Mar 20 00:27:34 IST 2022","51475","","test suite","","test suite","06-Edit Biomaterial from its own page","06-Edit Biomaterial from its own page",""
"passed","Sun Mar 20 00:53:35 IST 2022","Sun Mar 20 00:54:18 IST 2022","42956","","test suite","","test suite","09-Cascade Delete - Subject","09-Cascade Delete - Subject",""
"passed","Sun Mar 20 00:51:46 IST 2022","Sun Mar 20 00:52:44 IST 2022","57579","","test suite","","test suite","08-Subject Search","08-Subject Search",""
"passed","Sun Mar 20 00:49:32 IST 2022","Sun Mar 20 00:49:51 IST 2022","18532","","test suite","","test suite","07-Storage: inaccessible","07-Storage: inaccessible",""
"broken","Sat Mar 19 22:00:00 IST 2022","Sat Mar 19 22:01:00 IST 2022","59770","","test suite","","test suite","02-Form Management Audit Data - Edit","02-Form Management Audit Data - Edit",""
"passed","Sun Mar 20 00:52:51 IST 2022","Sun Mar 20 00:53:26 IST 2022","34420","","test suite","","test suite","08-Subject Search - List opening on double click on fields in Subject","08-Subject Search - List opening on double click on fields in Subject",""
"passed","Sun Mar 20 00:28:14 IST 2022","Sun Mar 20 00:29:04 IST 2022","49817","","test suite","","test suite","02-Users can delete biomaterial records","02-Users can delete biomaterial records",""
"broken","Sat Mar 19 21:23:40 IST 2022","Sat Mar 19 21:25:48 IST 2022","128053","","test suite","","test suite","02-Form Management Audit Data - Create new","02-Form Management Audit Data - Create new",""
"passed","Sun Mar 20 00:30:21 IST 2022","Sun Mar 20 00:30:55 IST 2022","33347","","test suite","","test suite","07-Storage: Change Facility","07-Storage: Change Facility",""
"passed","Sun Mar 20 00:55:24 IST 2022","Sun Mar 20 00:56:22 IST 2022","58413","","test suite","","test suite","10-Labmatrix has a general home page ","10-Labmatrix has a general home page ",""
"passed","Sun Mar 20 00:23:43 IST 2022","Sun Mar 20 00:25:03 IST 2022","80134","","test suite","","test suite","05-Create Biomaterial from multiple locations","05-Create Biomaterial from multiple locations",""
"passed","Sun Mar 20 00:22:28 IST 2022","Sun Mar 20 00:23:18 IST 2022","50147","","test suite","","test suite","04-History is not available for deleted records","04-History is not available for deleted records",""
"passed","Sat Mar 19 21:12:33 IST 2022","Sat Mar 19 21:13:55 IST 2022","81763","","test suite","","test suite","01-Datasource basic search and pagination","01-Datasource basic search and pagination",""
